{"world":"world","x":313.76284787844514,"y":86.72596727371521,"z":425.3302931200398,"pitch":54.299946,"yaw":68.5506}