{"world":"world","x":243.6791087420341,"y":71.0,"z":324.8580057965367,"pitch":12.226829,"yaw":217.01685}